Name,Email,Phone,brandCode,_id
GouTam 1,goutam.k@capenagage.com,9004607666,CE8260575B,121212
GouTam 2,goutam.k@capenagage.com,9004607666,CE8260575B,121213
GouTam 3,goutam.k@capenagage.com,9004607666,CE8260575B,121214
GouTam 4,goutam.k@capenagage.com,9004607666,CE8260575B,121215
GouTam 5,goutam.k@capenagage.com,9004607666,CE8260575B,121216
GouTam 6,goutam.k@capenagage.com,9004607666,CE8260575B,121217
GouTam 7,goutam.k@capenagage.com,9004607666,CE8260575B,121218
GouTam 8,goutam.k@capenagage.com,9004607666,CE8260575B,121219
GouTam 9,goutam.k@capenagage.com,9004607666,CE8260575B,121220
GouTam 10,goutam.k@capenagage.com,9004607666,CE8260575B,121221
GouTam 11,goutam.k@capenagage.com,9004607666,CE8260575B,121222
GouTam 12,goutam.k@capenagage.com,9004607666,CE8260575B,121223
GouTam 13,goutam.k@capenagage.com,9004607666,CE8260575B,121224
GouTam 14,goutam.k@capenagage.com,9004607666,CE8260575B,121225
GouTam 15,goutam.k@capenagage.com,9004607666,CE8260575B,121226
GouTam 16,goutam.k@capenagage.com,9004607666,CE8260575B,121227
GouTam 17,goutam.k@capenagage.com,9004607666,CE8260575B,121228
GouTam 18,goutam.k@capenagage.com,9004607666,CE8260575B,121229
GouTam 19,goutam.k@capenagage.com,9004607666,CE8260575B,121230
